family_id,assigned_day
0,51
1,25
2,99
3,1
4,92
5,31
6,1
7,24
8,17
9,87
10,91
11,18
12,97
13,53
14,33
15,21
16,49
17,46
18,86
19,2
20,2
21,55
22,60
23,18
24,94
25,15
26,57
27,37
28,26
29,7
30,52
31,73
32,23
33,31
34,45
35,97
36,46
37,14
38,12
39,8
40,24
41,4
42,80
43,10
44,48
45,4
46,14
47,18
48,31
49,32
50,49
51,27
52,75
53,36
54,93
55,90
56,11
57,30
58,73
59,14
60,97
61,14
62,38
63,62
64,2
65,19
66,0
67,0
68,84
69,21
70,31
71,70
72,95
73,9
74,27
75,52
76,97
77,19
78,51
79,36
80,17
81,16
82,7
83,87
84,8
85,9
86,28
87,24
88,82
89,22
90,53
91,16
92,84
93,4
94,46
95,23
96,74
97,95
98,2
99,38
100,38
101,52
102,30
103,67
104,46
105,16
106,33
107,11
108,33
109,16
110,21
111,67
112,59
113,36
114,14
115,21
116,78
117,93
118,68
119,3
120,55
121,16
122,23
123,21
124,13
125,57
126,39
127,1
128,71
129,42
130,15
131,10
132,75
133,53
134,17
135,4
136,87
137,7
138,58
139,88
140,60
141,3
142,25
143,27
144,27
145,17
146,63
147,27
148,62
149,60
150,59
151,2
152,87
153,2
154,24
155,99
156,43
157,86
158,12
159,2
160,27
161,46
162,67
163,29
164,17
165,96
166,13
167,92
168,72
169,66
170,11
171,23
172,20
173,67
174,33
175,16
176,51
177,73
178,79
179,1
180,19
181,6
182,93
183,33
184,3
185,79
186,1
187,42
188,19
189,2
190,8
191,32
192,76
193,11
194,64
195,54
196,25
197,58
198,89
199,50
200,25
201,34
202,5
203,37
204,66
205,0
206,27
207,46
208,94
209,70
210,71
211,66
212,9
213,17
214,17
215,16
216,92
217,4
218,37
219,67
220,87
221,16
222,35
223,59
224,99
225,60
226,58
227,48
228,86
229,47
230,34
231,47
232,46
233,91
234,81
235,52
236,36
237,2
238,18
239,13
240,32
241,59
242,96
243,88
244,38
245,12
246,49
247,65
248,32
249,74
250,6
251,96
252,17
253,83
254,27
255,11
256,92
257,73
258,91
259,59
260,36
261,82
262,31
263,47
264,19
265,10
266,31
267,17
268,38
269,29
270,66
271,72
272,71
273,37
274,7
275,14
276,68
277,80
278,53
279,37
280,22
281,21
282,16
283,8
284,19
285,65
286,53
287,7
288,62
289,65
290,24
291,79
292,65
293,22
294,45
295,9
296,49
297,47
298,49
299,31
300,4
301,44
302,3
303,12
304,85
305,57
306,1
307,3
308,46
309,18
310,63
311,7
312,42
313,36
314,38
315,44
316,43
317,24
318,48
319,9
320,19
321,0
322,52
323,47
324,32
325,19
326,30
327,30
328,96
329,40
330,93
331,16
332,9
333,22
334,21
335,67
336,88
337,23
338,73
339,44
340,12
341,57
342,53
343,88
344,22
345,65
346,3
347,58
348,4
349,18
350,95
351,26
352,54
353,24
354,26
355,84
356,50
357,24
358,92
359,89
360,54
361,33
362,80
363,11
364,98
365,3
366,92
367,16
368,25
369,71
370,12
371,25
372,97
373,8
374,74
375,5
376,25
377,81
378,24
379,64
380,98
381,26
382,47
383,11
384,72
385,28
386,14
387,38
388,31
389,53
390,39
391,74
392,59
393,35
394,27
395,7
396,71
397,75
398,36
399,4
400,63
401,51
402,62
403,73
404,47
405,86
406,2
407,67
408,20
409,80
410,80
411,82
412,44
413,79
414,25
415,23
416,95
417,9
418,31
419,25
420,2
421,68
422,23
423,73
424,3
425,29
426,35
427,23
428,39
429,1
430,65
431,14
432,27
433,10
434,61
435,30
436,10
437,63
438,24
439,17
440,38
441,10
442,28
443,13
444,25
445,73
446,28
447,18
448,98
449,17
450,59
451,32
452,86
453,61
454,10
455,0
456,93
457,50
458,45
459,65
460,29
461,26
462,79
463,70
464,45
465,45
466,35
467,2
468,53
469,92
470,16
471,37
472,0
473,20
474,21
475,32
476,53
477,59
478,4
479,33
480,77
481,71
482,29
483,77
484,25
485,29
486,16
487,20
488,6
489,54
490,27
491,72
492,86
493,15
494,94
495,55
496,55
497,15
498,70
499,45
500,29
501,20
502,55
503,90
504,80
505,15
506,37
507,12
508,34
509,36
510,81
511,42
512,57
513,63
514,2
515,13
516,41
517,46
518,23
519,23
520,3
521,65
522,31
523,3
524,73
525,97
526,58
527,15
528,99
529,86
530,60
531,44
532,3
533,25
534,13
535,71
536,3
537,22
538,82
539,8
540,40
541,59
542,21
543,52
544,16
545,78
546,79
547,59
548,88
549,43
550,72
551,2
552,34
553,2
554,52
555,9
556,25
557,15
558,19
559,46
560,17
561,19
562,26
563,75
564,81
565,90
566,44
567,95
568,79
569,24
570,10
571,97
572,96
573,76
574,87
575,93
576,80
577,30
578,17
579,76
580,48
581,41
582,14
583,34
584,86
585,2
586,77
587,62
588,50
589,92
590,89
591,54
592,39
593,22
594,94
595,33
596,87
597,80
598,46
599,42
600,14
601,1
602,4
603,57
604,14
605,11
606,11
607,80
608,93
609,93
610,81
611,56
612,89
613,95
614,60
615,57
616,43
617,79
618,1
619,41
620,51
621,94
622,98
623,18
624,77
625,46
626,32
627,2
628,82
629,61
630,94
631,9
632,32
633,50
634,23
635,29
636,79
637,39
638,25
639,29
640,77
641,80
642,72
643,11
644,18
645,49
646,47
647,56
648,47
649,70
650,8
651,45
652,15
653,91
654,9
655,72
656,6
657,47
658,34
659,68
660,53
661,30
662,17
663,5
664,17
665,33
666,47
667,80
668,9
669,60
670,17
671,43
672,83
673,86
674,75
675,60
676,3
677,94
678,31
679,22
680,26
681,60
682,14
683,39
684,25
685,33
686,17
687,50
688,87
689,66
690,37
691,82
692,12
693,7
694,69
695,62
696,68
697,84
698,9
699,34
700,13
701,69
702,6
703,65
704,59
705,13
706,94
707,98
708,45
709,97
710,38
711,13
712,35
713,24
714,9
715,57
716,48
717,65
718,2
719,72
720,83
721,33
722,18
723,91
724,80
725,68
726,48
727,41
728,5
729,31
730,16
731,72
732,9
733,49
734,55
735,16
736,79
737,11
738,49
739,64
740,30
741,80
742,98
743,64
744,40
745,24
746,59
747,24
748,43
749,64
750,95
751,53
752,3
753,29
754,35
755,11
756,3
757,72
758,21
759,96
760,22
761,47
762,86
763,78
764,3
765,31
766,15
767,81
768,91
769,93
770,92
771,90
772,11
773,1
774,5
775,98
776,69
777,45
778,2
779,6
780,76
781,8
782,49
783,51
784,74
785,55
786,32
787,5
788,14
789,30
790,58
791,4
792,87
793,99
794,7
795,29
796,48
797,76
798,34
799,2
800,56
801,16
802,2
803,18
804,56
805,48
806,48
807,71
808,51
809,1
810,68
811,74
812,94
813,52
814,26
815,87
816,69
817,52
818,3
819,31
820,89
821,35
822,33
823,34
824,7
825,28
826,27
827,70
828,79
829,69
830,35
831,7
832,40
833,45
834,55
835,7
836,30
837,72
838,93
839,11
840,23
841,91
842,68
843,87
844,68
845,4
846,75
847,94
848,41
849,49
850,18
851,12
852,30
853,54
854,13
855,50
856,69
857,10
858,0
859,23
860,54
861,56
862,84
863,81
864,8
865,7
866,23
867,2
868,32
869,10
870,52
871,93
872,10
873,4
874,22
875,81
876,96
877,62
878,3
879,64
880,52
881,40
882,76
883,16
884,32
885,5
886,80
887,82
888,29
889,98
890,64
891,94
892,0
893,62
894,77
895,43
896,28
897,83
898,25
899,80
900,19
901,6
902,98
903,18
904,23
905,40
906,93
907,33
908,62
909,35
910,56
911,9
912,67
913,0
914,93
915,54
916,80
917,59
918,81
919,98
920,34
921,19
922,5
923,50
924,42
925,70
926,32
927,0
928,85
929,68
930,1
931,34
932,11
933,0
934,37
935,25
936,69
937,26
938,45
939,36
940,30
941,22
942,56
943,81
944,86
945,73
946,53
947,27
948,37
949,85
950,19
951,7
952,53
953,45
954,79
955,62
956,15
957,15
958,23
959,41
960,49
961,57
962,43
963,29
964,74
965,60
966,58
967,39
968,1
969,74
970,96
971,12
972,89
973,81
974,43
975,81
976,17
977,53
978,58
979,3
980,37
981,11
982,16
983,95
984,1
985,92
986,75
987,40
988,85
989,96
990,49
991,68
992,53
993,45
994,38
995,34
996,14
997,49
998,30
999,79
1000,29
1001,24
1002,45
1003,28
1004,44
1005,30
1006,94
1007,68
1008,72
1009,41
1010,45
1011,23
1012,66
1013,10
1014,51
1015,16
1016,8
1017,4
1018,15
1019,17
1020,27
1021,74
1022,72
1023,59
1024,23
1025,70
1026,15
1027,38
1028,12
1029,40
1030,82
1031,93
1032,72
1033,51
1034,57
1035,39
1036,6
1037,65
1038,93
1039,65
1040,22
1041,93
1042,14
1043,15
1044,67
1045,19
1046,12
1047,14
1048,71
1049,30
1050,80
1051,58
1052,32
1053,83
1054,8
1055,80
1056,54
1057,71
1058,78
1059,74
1060,22
1061,64
1062,23
1063,24
1064,74
1065,87
1066,1
1067,69
1068,2
1069,97
1070,48
1071,93
1072,58
1073,31
1074,94
1075,0
1076,25
1077,13
1078,53
1079,58
1080,17
1081,24
1082,32
1083,46
1084,61
1085,30
1086,19
1087,21
1088,20
1089,59
1090,90
1091,55
1092,32
1093,66
1094,61
1095,18
1096,25
1097,54
1098,15
1099,58
1100,66
1101,67
1102,61
1103,73
1104,2
1105,44
1106,92
1107,74
1108,24
1109,4
1110,89
1111,99
1112,66
1113,61
1114,10
1115,30
1116,73
1117,6
1118,72
1119,13
1120,32
1121,96
1122,63
1123,25
1124,95
1125,25
1126,20
1127,15
1128,13
1129,18
1130,11
1131,23
1132,27
1133,2
1134,2
1135,99
1136,31
1137,2
1138,9
1139,41
1140,51
1141,8
1142,2
1143,86
1144,2
1145,52
1146,26
1147,61
1148,34
1149,58
1150,22
1151,24
1152,75
1153,76
1154,98
1155,47
1156,7
1157,14
1158,38
1159,16
1160,75
1161,59
1162,64
1163,17
1164,43
1165,78
1166,56
1167,60
1168,16
1169,46
1170,15
1171,79
1172,1
1173,87
1174,39
1175,33
1176,53
1177,51
1178,31
1179,68
1180,10
1181,55
1182,10
1183,65
1184,81
1185,51
1186,1
1187,74
1188,3
1189,93
1190,48
1191,74
1192,90
1193,3
1194,46
1195,83
1196,26
1197,4
1198,49
1199,15
1200,15
1201,10
1202,33
1203,99
1204,24
1205,8
1206,41
1207,6
1208,42
1209,5
1210,52
1211,48
1212,87
1213,82
1214,99
1215,93
1216,67
1217,40
1218,61
1219,38
1220,53
1221,76
1222,27
1223,57
1224,7
1225,24
1226,9
1227,17
1228,28
1229,20
1230,39
1231,86
1232,66
1233,70
1234,51
1235,44
1236,81
1237,42
1238,95
1239,49
1240,12
1241,59
1242,95
1243,57
1244,93
1245,9
1246,1
1247,7
1248,38
1249,64
1250,12
1251,28
1252,28
1253,71
1254,36
1255,92
1256,0
1257,87
1258,59
1259,65
1260,37
1261,26
1262,11
1263,90
1264,97
1265,82
1266,36
1267,22
1268,34
1269,0
1270,85
1271,94
1272,88
1273,26
1274,86
1275,70
1276,6
1277,48
1278,26
1279,56
1280,8
1281,75
1282,29
1283,28
1284,1
1285,69
1286,96
1287,98
1288,2
1289,38
1290,51
1291,33
1292,34
1293,61
1294,10
1295,92
1296,2
1297,95
1298,30
1299,10
1300,39
1301,8
1302,26
1303,79
1304,53
1305,4
1306,21
1307,59
1308,57
1309,56
1310,45
1311,44
1312,9
1313,87
1314,25
1315,1
1316,88
1317,25
1318,38
1319,78
1320,53
1321,18
1322,0
1323,44
1324,45
1325,22
1326,68
1327,13
1328,52
1329,4
1330,69
1331,10
1332,81
1333,52
1334,54
1335,70
1336,62
1337,77
1338,84
1339,76
1340,5
1341,12
1342,47
1343,33
1344,18
1345,31
1346,1
1347,19
1348,29
1349,53
1350,20
1351,8
1352,32
1353,10
1354,13
1355,53
1356,48
1357,81
1358,37
1359,15
1360,97
1361,1
1362,82
1363,98
1364,40
1365,67
1366,13
1367,1
1368,25
1369,92
1370,42
1371,84
1372,74
1373,12
1374,3
1375,31
1376,6
1377,17
1378,72
1379,22
1380,79
1381,42
1382,2
1383,25
1384,61
1385,86
1386,9
1387,47
1388,62
1389,73
1390,71
1391,73
1392,41
1393,10
1394,37
1395,16
1396,89
1397,1
1398,72
1399,58
1400,47
1401,9
1402,58
1403,62
1404,26
1405,52
1406,25
1407,43
1408,44
1409,73
1410,52
1411,53
1412,0
1413,85
1414,47
1415,96
1416,2
1417,72
1418,41
1419,8
1420,69
1421,22
1422,90
1423,1
1424,36
1425,79
1426,42
1427,31
1428,31
1429,30
1430,19
1431,48
1432,32
1433,99
1434,15
1435,98
1436,95
1437,46
1438,6
1439,68
1440,22
1441,16
1442,11
1443,2
1444,44
1445,45
1446,6
1447,10
1448,88
1449,50
1450,65
1451,49
1452,27
1453,72
1454,24
1455,57
1456,23
1457,87
1458,1
1459,52
1460,1
1461,57
1462,39
1463,95
1464,58
1465,97
1466,63
1467,19
1468,99
1469,87
1470,32
1471,47
1472,93
1473,59
1474,98
1475,71
1476,3
1477,78
1478,64
1479,69
1480,22
1481,79
1482,32
1483,69
1484,15
1485,43
1486,45
1487,63
1488,53
1489,39
1490,55
1491,13
1492,40
1493,40
1494,6
1495,7
1496,78
1497,78
1498,27
1499,87
1500,45
1501,62
1502,49
1503,11
1504,16
1505,43
1506,18
1507,17
1508,87
1509,31
1510,4
1511,27
1512,57
1513,39
1514,94
1515,76
1516,3
1517,7
1518,26
1519,74
1520,47
1521,19
1522,85
1523,0
1524,10
1525,51
1526,17
1527,78
1528,95
1529,45
1530,32
1531,25
1532,77
1533,65
1534,2
1535,17
1536,53
1537,48
1538,22
1539,51
1540,21
1541,14
1542,93
1543,15
1544,35
1545,79
1546,90
1547,46
1548,61
1549,24
1550,11
1551,64
1552,23
1553,52
1554,82
1555,36
1556,80
1557,63
1558,1
1559,28
1560,87
1561,16
1562,97
1563,5
1564,70
1565,81
1566,14
1567,36
1568,39
1569,62
1570,0
1571,90
1572,33
1573,81
1574,5
1575,58
1576,94
1577,73
1578,25
1579,86
1580,30
1581,9
1582,66
1583,30
1584,45
1585,89
1586,28
1587,72
1588,19
1589,52
1590,78
1591,26
1592,5
1593,0
1594,11
1595,49
1596,94
1597,96
1598,14
1599,86
1600,26
1601,21
1602,6
1603,6
1604,77
1605,2
1606,50
1607,58
1608,25
1609,20
1610,1
1611,80
1612,45
1613,16
1614,60
1615,50
1616,25
1617,51
1618,7
1619,45
1620,42
1621,70
1622,44
1623,13
1624,8
1625,83
1626,53
1627,12
1628,52
1629,59
1630,62
1631,17
1632,29
1633,32
1634,48
1635,94
1636,76
1637,66
1638,80
1639,82
1640,29
1641,11
1642,48
1643,80
1644,71
1645,35
1646,79
1647,67
1648,10
1649,5
1650,20
1651,3
1652,20
1653,44
1654,39
1655,84
1656,2
1657,0
1658,59
1659,80
1660,67
1661,38
1662,17
1663,35
1664,9
1665,35
1666,17
1667,52
1668,6
1669,7
1670,87
1671,86
1672,57
1673,36
1674,56
1675,12
1676,26
1677,12
1678,84
1679,34
1680,54
1681,32
1682,95
1683,26
1684,53
1685,72
1686,39
1687,20
1688,86
1689,38
1690,46
1691,91
1692,31
1693,22
1694,44
1695,99
1696,16
1697,29
1698,83
1699,11
1700,7
1701,51
1702,98
1703,68
1704,59
1705,65
1706,70
1707,56
1708,71
1709,55
1710,42
1711,33
1712,11
1713,53
1714,39
1715,16
1716,34
1717,10
1718,9
1719,22
1720,21
1721,42
1722,40
1723,28
1724,59
1725,6
1726,84
1727,89
1728,34
1729,43
1730,1
1731,14
1732,33
1733,10
1734,20
1735,0
1736,27
1737,6
1738,28
1739,88
1740,11
1741,29
1742,47
1743,34
1744,63
1745,73
1746,56
1747,91
1748,31
1749,58
1750,50
1751,30
1752,11
1753,3
1754,3
1755,65
1756,26
1757,74
1758,54
1759,11
1760,56
1761,24
1762,28
1763,45
1764,39
1765,21
1766,23
1767,35
1768,24
1769,23
1770,74
1771,84
1772,93
1773,60
1774,42
1775,25
1776,57
1777,3
1778,0
1779,28
1780,25
1781,27
1782,39
1783,15
1784,59
1785,86
1786,6
1787,12
1788,10
1789,22
1790,73
1791,29
1792,80
1793,11
1794,28
1795,22
1796,73
1797,8
1798,25
1799,97
1800,41
1801,55
1802,47
1803,8
1804,42
1805,97
1806,27
1807,65
1808,30
1809,11
1810,24
1811,66
1812,89
1813,61
1814,81
1815,24
1816,67
1817,44
1818,1
1819,2
1820,4
1821,67
1822,9
1823,74
1824,41
1825,81
1826,15
1827,31
1828,50
1829,37
1830,1
1831,17
1832,10
1833,9
1834,6
1835,5
1836,33
1837,44
1838,60
1839,56
1840,6
1841,9
1842,39
1843,65
1844,74
1845,54
1846,1
1847,81
1848,89
1849,20
1850,69
1851,0
1852,49
1853,3
1854,14
1855,8
1856,61
1857,7
1858,95
1859,5
1860,1
1861,12
1862,25
1863,91
1864,67
1865,36
1866,16
1867,15
1868,72
1869,8
1870,36
1871,40
1872,73
1873,19
1874,60
1875,73
1876,33
1877,31
1878,49
1879,92
1880,58
1881,48
1882,72
1883,28
1884,98
1885,97
1886,8
1887,58
1888,60
1889,74
1890,7
1891,41
1892,86
1893,18
1894,30
1895,94
1896,62
1897,33
1898,12
1899,28
1900,6
1901,96
1902,51
1903,9
1904,31
1905,52
1906,88
1907,97
1908,20
1909,92
1910,33
1911,7
1912,59
1913,76
1914,30
1915,58
1916,97
1917,16
1918,4
1919,83
1920,38
1921,28
1922,38
1923,83
1924,16
1925,88
1926,49
1927,17
1928,55
1929,37
1930,24
1931,3
1932,84
1933,75
1934,24
1935,26
1936,29
1937,68
1938,2
1939,58
1940,99
1941,59
1942,41
1943,5
1944,5
1945,47
1946,72
1947,12
1948,53
1949,32
1950,17
1951,68
1952,92
1953,25
1954,30
1955,99
1956,37
1957,32
1958,0
1959,49
1960,1
1961,31
1962,5
1963,1
1964,17
1965,21
1966,23
1967,14
1968,17
1969,26
1970,6
1971,93
1972,35
1973,32
1974,51
1975,42
1976,81
1977,76
1978,14
1979,96
1980,36
1981,58
1982,19
1983,27
1984,86
1985,78
1986,10
1987,75
1988,28
1989,16
1990,36
1991,96
1992,56
1993,66
1994,9
1995,62
1996,46
1997,89
1998,83
1999,26
2000,37
2001,16
2002,63
2003,91
2004,92
2005,38
2006,31
2007,95
2008,88
2009,6
2010,13
2011,24
2012,86
2013,13
2014,16
2015,21
2016,24
2017,36
2018,95
2019,93
2020,1
2021,87
2022,73
2023,47
2024,73
2025,11
2026,31
2027,35
2028,15
2029,1
2030,97
2031,53
2032,22
2033,46
2034,36
2035,2
2036,65
2037,15
2038,14
2039,21
2040,23
2041,79
2042,70
2043,34
2044,8
2045,42
2046,25
2047,98
2048,97
2049,93
2050,86
2051,9
2052,40
2053,61
2054,49
2055,9
2056,22
2057,6
2058,43
2059,52
2060,49
2061,21
2062,29
2063,37
2064,3
2065,38
2066,16
2067,66
2068,31
2069,16
2070,44
2071,59
2072,39
2073,3
2074,98
2075,51
2076,77
2077,8
2078,62
2079,87
2080,26
2081,36
2082,48
2083,24
2084,43
2085,18
2086,2
2087,91
2088,24
2089,82
2090,34
2091,61
2092,23
2093,21
2094,4
2095,12
2096,26
2097,25
2098,35
2099,60
2100,33
2101,3
2102,45
2103,35
2104,87
2105,29
2106,15
2107,26
2108,20
2109,14
2110,68
2111,96
2112,26
2113,13
2114,37
2115,86
2116,8
2117,26
2118,18
2119,41
2120,52
2121,49
2122,46
2123,9
2124,67
2125,54
2126,60
2127,51
2128,37
2129,10
2130,98
2131,39
2132,25
2133,56
2134,41
2135,42
2136,7
2137,87
2138,39
2139,32
2140,67
2141,51
2142,10
2143,35
2144,83
2145,74
2146,31
2147,66
2148,15
2149,47
2150,40
2151,95
2152,8
2153,31
2154,15
2155,98
2156,76
2157,54
2158,94
2159,25
2160,0
2161,73
2162,28
2163,93
2164,16
2165,63
2166,86
2167,43
2168,35
2169,7
2170,80
2171,24
2172,69
2173,32
2174,8
2175,29
2176,66
2177,17
2178,95
2179,14
2180,27
2181,62
2182,52
2183,42
2184,75
2185,86
2186,66
2187,29
2188,43
2189,52
2190,6
2191,89
2192,11
2193,6
2194,85
2195,59
2196,10
2197,48
2198,13
2199,2
2200,92
2201,32
2202,15
2203,41
2204,56
2205,43
2206,35
2207,52
2208,79
2209,94
2210,9
2211,97
2212,65
2213,32
2214,59
2215,32
2216,57
2217,40
2218,34
2219,18
2220,64
2221,5
2222,0
2223,23
2224,51
2225,57
2226,56
2227,65
2228,46
2229,66
2230,19
2231,69
2232,7
2233,7
2234,51
2235,46
2236,31
2237,20
2238,82
2239,18
2240,98
2241,58
2242,4
2243,9
2244,36
2245,29
2246,18
2247,60
2248,66
2249,73
2250,79
2251,0
2252,32
2253,7
2254,41
2255,97
2256,13
2257,59
2258,28
2259,27
2260,4
2261,65
2262,20
2263,32
2264,99
2265,6
2266,39
2267,20
2268,40
2269,31
2270,13
2271,22
2272,36
2273,32
2274,71
2275,6
2276,27
2277,23
2278,72
2279,3
2280,81
2281,87
2282,15
2283,49
2284,63
2285,80
2286,10
2287,94
2288,32
2289,60
2290,94
2291,29
2292,44
2293,46
2294,61
2295,48
2296,14
2297,54
2298,18
2299,12
2300,84
2301,44
2302,74
2303,80
2304,12
2305,38
2306,5
2307,22
2308,39
2309,57
2310,20
2311,3
2312,69
2313,23
2314,19
2315,34
2316,30
2317,3
2318,86
2319,72
2320,22
2321,12
2322,86
2323,46
2324,17
2325,84
2326,86
2327,9
2328,73
2329,77
2330,93
2331,83
2332,13
2333,5
2334,32
2335,60
2336,14
2337,40
2338,95
2339,89
2340,99
2341,12
2342,0
2343,11
2344,11
2345,5
2346,73
2347,39
2348,18
2349,38
2350,18
2351,43
2352,29
2353,31
2354,45
2355,58
2356,5
2357,43
2358,23
2359,61
2360,0
2361,44
2362,10
2363,81
2364,4
2365,93
2366,39
2367,30
2368,9
2369,29
2370,14
2371,98
2372,34
2373,88
2374,18
2375,79
2376,44
2377,46
2378,69
2379,59
2380,59
2381,15
2382,58
2383,60
2384,71
2385,6
2386,45
2387,79
2388,25
2389,49
2390,43
2391,31
2392,50
2393,17
2394,10
2395,23
2396,19
2397,44
2398,31
2399,9
2400,72
2401,66
2402,61
2403,45
2404,3
2405,24
2406,12
2407,51
2408,17
2409,6
2410,25
2411,95
2412,77
2413,14
2414,38
2415,71
2416,17
2417,50
2418,77
2419,86
2420,51
2421,65
2422,71
2423,11
2424,69
2425,98
2426,26
2427,49
2428,52
2429,11
2430,44
2431,41
2432,58
2433,55
2434,12
2435,13
2436,47
2437,96
2438,54
2439,34
2440,93
2441,21
2442,12
2443,22
2444,0
2445,19
2446,49
2447,53
2448,26
2449,18
2450,57
2451,61
2452,58
2453,2
2454,72
2455,47
2456,45
2457,40
2458,57
2459,88
2460,45
2461,1
2462,66
2463,15
2464,3
2465,27
2466,36
2467,88
2468,59
2469,25
2470,44
2471,78
2472,38
2473,50
2474,11
2475,22
2476,74
2477,26
2478,97
2479,22
2480,94
2481,2
2482,52
2483,84
2484,19
2485,27
2486,15
2487,11
2488,16
2489,73
2490,46
2491,12
2492,81
2493,75
2494,2
2495,11
2496,69
2497,10
2498,26
2499,45
2500,9
2501,76
2502,19
2503,36
2504,19
2505,23
2506,54
2507,65
2508,37
2509,8
2510,8
2511,9
2512,29
2513,33
2514,74
2515,60
2516,43
2517,66
2518,76
2519,90
2520,10
2521,57
2522,8
2523,52
2524,6
2525,28
2526,25
2527,41
2528,52
2529,63
2530,2
2531,39
2532,37
2533,40
2534,40
2535,36
2536,67
2537,93
2538,64
2539,58
2540,8
2541,52
2542,44
2543,27
2544,60
2545,32
2546,30
2547,30
2548,93
2549,68
2550,4
2551,19
2552,64
2553,10
2554,48
2555,58
2556,70
2557,73
2558,33
2559,77
2560,47
2561,15
2562,87
2563,48
2564,87
2565,32
2566,66
2567,8
2568,19
2569,28
2570,20
2571,11
2572,20
2573,12
2574,7
2575,9
2576,3
2577,74
2578,40
2579,80
2580,30
2581,9
2582,83
2583,18
2584,26
2585,97
2586,86
2587,36
2588,39
2589,31
2590,52
2591,33
2592,18
2593,86
2594,30
2595,21
2596,63
2597,1
2598,36
2599,9
2600,1
2601,9
2602,50
2603,9
2604,11
2605,9
2606,13
2607,84
2608,45
2609,71
2610,27
2611,70
2612,3
2613,8
2614,57
2615,38
2616,47
2617,58
2618,10
2619,46
2620,78
2621,43
2622,20
2623,15
2624,5
2625,32
2626,42
2627,25
2628,91
2629,58
2630,78
2631,18
2632,22
2633,89
2634,58
2635,75
2636,3
2637,29
2638,20
2639,38
2640,7
2641,22
2642,4
2643,84
2644,10
2645,41
2646,36
2647,58
2648,32
2649,13
2650,1
2651,1
2652,10
2653,32
2654,92
2655,5
2656,80
2657,23
2658,39
2659,60
2660,86
2661,15
2662,43
2663,23
2664,56
2665,79
2666,23
2667,99
2668,28
2669,18
2670,24
2671,40
2672,34
2673,82
2674,33
2675,99
2676,26
2677,49
2678,43
2679,28
2680,66
2681,88
2682,80
2683,73
2684,50
2685,43
2686,36
2687,39
2688,96
2689,47
2690,11
2691,10
2692,57
2693,27
2694,89
2695,27
2696,55
2697,18
2698,54
2699,59
2700,30
2701,30
2702,88
2703,43
2704,1
2705,25
2706,11
2707,22
2708,59
2709,67
2710,1
2711,12
2712,19
2713,0
2714,14
2715,99
2716,56
2717,5
2718,70
2719,10
2720,50
2721,4
2722,0
2723,57
2724,95
2725,51
2726,75
2727,27
2728,77
2729,51
2730,46
2731,87
2732,23
2733,24
2734,78
2735,27
2736,35
2737,0
2738,55
2739,50
2740,4
2741,33
2742,95
2743,25
2744,67
2745,53
2746,66
2747,57
2748,52
2749,18
2750,8
2751,99
2752,97
2753,84
2754,69
2755,95
2756,66
2757,66
2758,30
2759,91
2760,63
2761,3
2762,0
2763,30
2764,82
2765,28
2766,66
2767,94
2768,27
2769,73
2770,27
2771,37
2772,90
2773,7
2774,89
2775,4
2776,21
2777,15
2778,58
2779,0
2780,24
2781,33
2782,80
2783,33
2784,73
2785,67
2786,1
2787,39
2788,42
2789,86
2790,43
2791,25
2792,58
2793,46
2794,39
2795,47
2796,82
2797,99
2798,87
2799,72
2800,28
2801,42
2802,61
2803,36
2804,2
2805,20
2806,88
2807,50
2808,58
2809,28
2810,33
2811,23
2812,91
2813,24
2814,33
2815,21
2816,61
2817,16
2818,81
2819,83
2820,7
2821,80
2822,87
2823,0
2824,31
2825,48
2826,45
2827,38
2828,1
2829,7
2830,0
2831,32
2832,80
2833,44
2834,83
2835,18
2836,27
2837,88
2838,53
2839,2
2840,76
2841,16
2842,8
2843,19
2844,19
2845,9
2846,10
2847,35
2848,8
2849,18
2850,52
2851,60
2852,26
2853,10
2854,73
2855,15
2856,28
2857,59
2858,87
2859,19
2860,55
2861,58
2862,0
2863,9
2864,59
2865,67
2866,2
2867,46
2868,2
2869,17
2870,82
2871,3
2872,60
2873,73
2874,84
2875,15
2876,2
2877,52
2878,20
2879,37
2880,17
2881,99
2882,30
2883,73
2884,18
2885,33
2886,3
2887,59
2888,21
2889,16
2890,1
2891,45
2892,16
2893,12
2894,81
2895,88
2896,15
2897,46
2898,23
2899,72
2900,66
2901,93
2902,26
2903,79
2904,28
2905,88
2906,88
2907,4
2908,12
2909,81
2910,58
2911,16
2912,3
2913,41
2914,76
2915,16
2916,31
2917,27
2918,20
2919,87
2920,49
2921,97
2922,14
2923,52
2924,98
2925,1
2926,34
2927,80
2928,71
2929,10
2930,73
2931,7
2932,53
2933,42
2934,19
2935,69
2936,81
2937,57
2938,32
2939,12
2940,17
2941,40
2942,28
2943,65
2944,1
2945,2
2946,10
2947,46
2948,11
2949,45
2950,33
2951,5
2952,46
2953,4
2954,47
2955,23
2956,13
2957,27
2958,3
2959,44
2960,8
2961,41
2962,26
2963,85
2964,10
2965,82
2966,28
2967,89
2968,42
2969,78
2970,29
2971,28
2972,8
2973,20
2974,53
2975,52
2976,50
2977,14
2978,38
2979,12
2980,92
2981,83
2982,37
2983,31
2984,77
2985,74
2986,7
2987,60
2988,98
2989,35
2990,1
2991,3
2992,7
2993,1
2994,26
2995,45
2996,77
2997,33
2998,41
2999,97
3000,30
3001,62
3002,50
3003,12
3004,6
3005,50
3006,17
3007,36
3008,34
3009,81
3010,22
3011,11
3012,80
3013,63
3014,67
3015,31
3016,15
3017,24
3018,72
3019,25
3020,88
3021,20
3022,73
3023,56
3024,66
3025,80
3026,27
3027,63
3028,38
3029,57
3030,93
3031,0
3032,36
3033,51
3034,81
3035,66
3036,38
3037,93
3038,91
3039,38
3040,83
3041,66
3042,64
3043,72
3044,46
3045,11
3046,4
3047,74
3048,18
3049,21
3050,18
3051,95
3052,13
3053,76
3054,3
3055,16
3056,68
3057,3
3058,22
3059,23
3060,3
3061,46
3062,67
3063,16
3064,72
3065,96
3066,27
3067,51
3068,26
3069,2
3070,40
3071,18
3072,0
3073,7
3074,19
3075,48
3076,25
3077,13
3078,47
3079,3
3080,87
3081,68
3082,54
3083,43
3084,44
3085,72
3086,92
3087,95
3088,51
3089,59
3090,64
3091,95
3092,24
3093,18
3094,35
3095,51
3096,75
3097,72
3098,85
3099,82
3100,83
3101,78
3102,7
3103,94
3104,28
3105,18
3106,34
3107,34
3108,90
3109,16
3110,9
3111,72
3112,43
3113,24
3114,26
3115,91
3116,0
3117,31
3118,4
3119,17
3120,13
3121,46
3122,10
3123,85
3124,45
3125,13
3126,15
3127,1
3128,67
3129,18
3130,1
3131,54
3132,6
3133,93
3134,87
3135,98
3136,3
3137,38
3138,22
3139,88
3140,8
3141,89
3142,40
3143,96
3144,44
3145,26
3146,12
3147,8
3148,37
3149,46
3150,64
3151,0
3152,63
3153,36
3154,68
3155,50
3156,73
3157,78
3158,37
3159,61
3160,73
3161,99
3162,8
3163,62
3164,79
3165,25
3166,43
3167,44
3168,51
3169,60
3170,77
3171,70
3172,38
3173,89
3174,38
3175,80
3176,83
3177,6
3178,16
3179,0
3180,25
3181,46
3182,11
3183,8
3184,79
3185,20
3186,77
3187,46
3188,11
3189,46
3190,38
3191,14
3192,54
3193,53
3194,28
3195,16
3196,42
3197,50
3198,45
3199,63
3200,25
3201,91
3202,39
3203,99
3204,98
3205,2
3206,54
3207,6
3208,19
3209,55
3210,24
3211,27
3212,46
3213,43
3214,81
3215,82
3216,26
3217,87
3218,0
3219,54
3220,58
3221,13
3222,88
3223,24
3224,50
3225,45
3226,99
3227,79
3228,65
3229,37
3230,51
3231,32
3232,54
3233,0
3234,42
3235,23
3236,52
3237,24
3238,88
3239,26
3240,30
3241,79
3242,24
3243,44
3244,13
3245,50
3246,97
3247,0
3248,77
3249,10
3250,18
3251,37
3252,82
3253,72
3254,24
3255,0
3256,5
3257,19
3258,5
3259,80
3260,45
3261,37
3262,12
3263,44
3264,0
3265,69
3266,60
3267,23
3268,37
3269,17
3270,58
3271,25
3272,72
3273,76
3274,84
3275,7
3276,30
3277,89
3278,30
3279,8
3280,87
3281,44
3282,54
3283,17
3284,20
3285,75
3286,73
3287,28
3288,9
3289,11
3290,45
3291,89
3292,31
3293,33
3294,3
3295,83
3296,56
3297,14
3298,66
3299,82
3300,92
3301,8
3302,21
3303,54
3304,60
3305,13
3306,66
3307,49
3308,41
3309,9
3310,26
3311,35
3312,9
3313,76
3314,65
3315,26
3316,7
3317,65
3318,54
3319,19
3320,4
3321,64
3322,59
3323,25
3324,28
3325,42
3326,88
3327,36
3328,88
3329,45
3330,40
3331,16
3332,64
3333,30
3334,14
3335,19
3336,42
3337,0
3338,37
3339,51
3340,32
3341,9
3342,36
3343,14
3344,3
3345,48
3346,46
3347,57
3348,50
3349,2
3350,75
3351,18
3352,93
3353,4
3354,15
3355,6
3356,4
3357,28
3358,52
3359,67
3360,43
3361,20
3362,60
3363,19
3364,61
3365,18
3366,14
3367,37
3368,34
3369,42
3370,16
3371,11
3372,54
3373,8
3374,14
3375,16
3376,38
3377,56
3378,39
3379,19
3380,38
3381,0
3382,92
3383,2
3384,90
3385,85
3386,2
3387,43
3388,14
3389,22
3390,64
3391,51
3392,40
3393,46
3394,58
3395,99
3396,46
3397,14
3398,33
3399,43
3400,3
3401,4
3402,71
3403,11
3404,30
3405,50
3406,66
3407,6
3408,24
3409,69
3410,66
3411,28
3412,96
3413,67
3414,39
3415,50
3416,6
3417,45
3418,63
3419,37
3420,40
3421,45
3422,47
3423,71
3424,52
3425,5
3426,79
3427,52
3428,8
3429,16
3430,1
3431,13
3432,5
3433,5
3434,34
3435,36
3436,97
3437,37
3438,44
3439,87
3440,87
3441,38
3442,9
3443,82
3444,65
3445,76
3446,43
3447,51
3448,47
3449,50
3450,4
3451,65
3452,37
3453,41
3454,11
3455,65
3456,33
3457,91
3458,51
3459,51
3460,93
3461,84
3462,86
3463,29
3464,5
3465,23
3466,33
3467,5
3468,38
3469,27
3470,74
3471,45
3472,72
3473,27
3474,43
3475,5
3476,39
3477,70
3478,39
3479,86
3480,82
3481,19
3482,33
3483,74
3484,95
3485,94
3486,36
3487,82
3488,77
3489,84
3490,24
3491,63
3492,24
3493,27
3494,96
3495,48
3496,85
3497,11
3498,69
3499,9
3500,13
3501,12
3502,80
3503,73
3504,24
3505,32
3506,3
3507,62
3508,91
3509,62
3510,23
3511,48
3512,11
3513,86
3514,58
3515,23
3516,79
3517,27
3518,9
3519,61
3520,22
3521,35
3522,64
3523,75
3524,7
3525,33
3526,89
3527,54
3528,27
3529,64
3530,48
3531,93
3532,38
3533,17
3534,27
3535,27
3536,20
3537,95
3538,12
3539,92
3540,22
3541,39
3542,91
3543,74
3544,22
3545,75
3546,57
3547,88
3548,83
3549,11
3550,28
3551,3
3552,13
3553,46
3554,12
3555,74
3556,21
3557,59
3558,26
3559,53
3560,16
3561,23
3562,46
3563,35
3564,39
3565,21
3566,37
3567,28
3568,26
3569,1
3570,99
3571,20
3572,59
3573,13
3574,70
3575,96
3576,60
3577,65
3578,81
3579,77
3580,31
3581,52
3582,7
3583,48
3584,25
3585,71
3586,64
3587,62
3588,29
3589,87
3590,81
3591,58
3592,7
3593,41
3594,64
3595,17
3596,30
3597,79
3598,38
3599,4
3600,53
3601,91
3602,7
3603,93
3604,52
3605,54
3606,8
3607,32
3608,62
3609,22
3610,23
3611,87
3612,46
3613,78
3614,5
3615,12
3616,82
3617,83
3618,39
3619,31
3620,36
3621,45
3622,74
3623,7
3624,76
3625,80
3626,6
3627,38
3628,27
3629,48
3630,63
3631,96
3632,66
3633,65
3634,15
3635,29
3636,58
3637,69
3638,86
3639,16
3640,58
3641,75
3642,5
3643,65
3644,88
3645,86
3646,18
3647,62
3648,2
3649,11
3650,37
3651,23
3652,21
3653,60
3654,38
3655,30
3656,74
3657,21
3658,78
3659,46
3660,35
3661,1
3662,47
3663,32
3664,3
3665,24
3666,39
3667,22
3668,85
3669,75
3670,54
3671,25
3672,87
3673,32
3674,22
3675,50
3676,86
3677,88
3678,13
3679,20
3680,89
3681,16
3682,56
3683,15
3684,41
3685,4
3686,57
3687,84
3688,42
3689,44
3690,17
3691,17
3692,68
3693,45
3694,88
3695,67
3696,23
3697,73
3698,52
3699,92
3700,23
3701,14
3702,45
3703,26
3704,65
3705,26
3706,34
3707,15
3708,15
3709,29
3710,68
3711,75
3712,4
3713,53
3714,61
3715,65
3716,20
3717,73
3718,8
3719,90
3720,83
3721,61
3722,65
3723,59
3724,83
3725,72
3726,93
3727,56
3728,12
3729,98
3730,4
3731,35
3732,34
3733,84
3734,3
3735,78
3736,5
3737,37
3738,79
3739,83
3740,23
3741,22
3742,57
3743,79
3744,59
3745,24
3746,16
3747,53
3748,79
3749,88
3750,14
3751,52
3752,35
3753,20
3754,86
3755,21
3756,35
3757,8
3758,10
3759,52
3760,94
3761,21
3762,53
3763,33
3764,40
3765,61
3766,10
3767,34
3768,40
3769,2
3770,87
3771,39
3772,3
3773,16
3774,21
3775,26
3776,94
3777,15
3778,31
3779,17
3780,63
3781,5
3782,64
3783,45
3784,87
3785,81
3786,40
3787,9
3788,72
3789,10
3790,81
3791,42
3792,76
3793,42
3794,46
3795,85
3796,85
3797,12
3798,88
3799,3
3800,18
3801,22
3802,35
3803,59
3804,55
3805,26
3806,54
3807,29
3808,52
3809,44
3810,84
3811,6
3812,30
3813,48
3814,96
3815,69
3816,34
3817,79
3818,79
3819,90
3820,58
3821,35
3822,39
3823,16
3824,58
3825,79
3826,75
3827,33
3828,86
3829,67
3830,41
3831,3
3832,26
3833,37
3834,2
3835,65
3836,40
3837,17
3838,62
3839,29
3840,34
3841,81
3842,26
3843,39
3844,84
3845,41
3846,16
3847,5
3848,23
3849,60
3850,55
3851,29
3852,33
3853,37
3854,6
3855,73
3856,89
3857,68
3858,48
3859,94
3860,59
3861,25
3862,40
3863,16
3864,24
3865,88
3866,9
3867,7
3868,74
3869,8
3870,28
3871,1
3872,15
3873,1
3874,33
3875,0
3876,27
3877,39
3878,90
3879,31
3880,5
3881,11
3882,62
3883,13
3884,57
3885,8
3886,62
3887,14
3888,29
3889,13
3890,81
3891,36
3892,95
3893,1
3894,99
3895,0
3896,19
3897,37
3898,59
3899,59
3900,19
3901,86
3902,44
3903,5
3904,93
3905,60
3906,93
3907,42
3908,91
3909,2
3910,48
3911,60
3912,21
3913,98
3914,67
3915,34
3916,4
3917,32
3918,59
3919,14
3920,89
3921,57
3922,50
3923,0
3924,21
3925,10
3926,38
3927,11
3928,36
3929,37
3930,31
3931,45
3932,89
3933,62
3934,41
3935,93
3936,53
3937,54
3938,19
3939,6
3940,28
3941,44
3942,9
3943,46
3944,44
3945,65
3946,28
3947,24
3948,58
3949,38
3950,31
3951,15
3952,30
3953,67
3954,22
3955,21
3956,76
3957,54
3958,1
3959,36
3960,14
3961,20
3962,80
3963,13
3964,17
3965,96
3966,75
3967,32
3968,47
3969,72
3970,81
3971,87
3972,79
3973,1
3974,16
3975,8
3976,42
3977,8
3978,96
3979,79
3980,44
3981,83
3982,6
3983,23
3984,63
3985,64
3986,49
3987,98
3988,20
3989,28
3990,86
3991,37
3992,45
3993,9
3994,25
3995,36
3996,91
3997,15
3998,16
3999,59
4000,67
4001,24
4002,38
4003,19
4004,51
4005,29
4006,4
4007,87
4008,82
4009,32
4010,38
4011,20
4012,48
4013,28
4014,66
4015,0
4016,98
4017,21
4018,6
4019,0
4020,14
4021,50
4022,76
4023,35
4024,92
4025,97
4026,87
4027,73
4028,66
4029,67
4030,53
4031,33
4032,12
4033,55
4034,87
4035,7
4036,32
4037,27
4038,64
4039,1
4040,33
4041,6
4042,43
4043,19
4044,20
4045,10
4046,31
4047,6
4048,82
4049,59
4050,10
4051,12
4052,29
4053,4
4054,50
4055,85
4056,67
4057,95
4058,47
4059,31
4060,75
4061,20
4062,69
4063,65
4064,7
4065,74
4066,86
4067,23
4068,2
4069,52
4070,47
4071,51
4072,24
4073,43
4074,25
4075,45
4076,79
4077,65
4078,49
4079,37
4080,51
4081,43
4082,95
4083,25
4084,10
4085,43
4086,75
4087,29
4088,23
4089,65
4090,6
4091,72
4092,72
4093,11
4094,28
4095,75
4096,51
4097,80
4098,4
4099,67
4100,38
4101,2
4102,8
4103,36
4104,74
4105,36
4106,66
4107,94
4108,67
4109,50
4110,10
4111,30
4112,1
4113,51
4114,28
4115,86
4116,16
4117,62
4118,13
4119,7
4120,11
4121,25
4122,43
4123,41
4124,93
4125,67
4126,88
4127,32
4128,34
4129,50
4130,13
4131,68
4132,90
4133,11
4134,94
4135,7
4136,31
4137,0
4138,26
4139,45
4140,32
4141,44
4142,80
4143,13
4144,20
4145,95
4146,18
4147,16
4148,40
4149,27
4150,46
4151,67
4152,50
4153,31
4154,12
4155,16
4156,0
4157,41
4158,27
4159,3
4160,65
4161,31
4162,60
4163,35
4164,89
4165,86
4166,75
4167,92
4168,60
4169,70
4170,12
4171,56
4172,79
4173,71
4174,30
4175,31
4176,37
4177,41
4178,18
4179,79
4180,1
4181,23
4182,46
4183,21
4184,60
4185,13
4186,13
4187,96
4188,7
4189,22
4190,86
4191,24
4192,61
4193,6
4194,55
4195,30
4196,23
4197,38
4198,11
4199,86
4200,54
4201,65
4202,15
4203,16
4204,23
4205,80
4206,33
4207,22
4208,46
4209,82
4210,66
4211,44
4212,95
4213,84
4214,80
4215,90
4216,3
4217,96
4218,68
4219,52
4220,19
4221,0
4222,47
4223,47
4224,4
4225,24
4226,87
4227,17
4228,43
4229,9
4230,6
4231,79
4232,41
4233,29
4234,20
4235,3
4236,37
4237,37
4238,25
4239,83
4240,68
4241,39
4242,72
4243,58
4244,64
4245,44
4246,25
4247,7
4248,62
4249,47
4250,44
4251,58
4252,13
4253,85
4254,30
4255,33
4256,5
4257,22
4258,55
4259,52
4260,76
4261,29
4262,74
4263,77
4264,0
4265,55
4266,27
4267,59
4268,24
4269,75
4270,33
4271,40
4272,40
4273,21
4274,3
4275,20
4276,25
4277,28
4278,66
4279,0
4280,40
4281,17
4282,4
4283,7
4284,89
4285,19
4286,44
4287,79
4288,78
4289,16
4290,12
4291,10
4292,65
4293,57
4294,4
4295,18
4296,74
4297,55
4298,52
4299,34
4300,86
4301,4
4302,48
4303,34
4304,12
4305,73
4306,94
4307,43
4308,18
4309,4
4310,9
4311,19
4312,25
4313,30
4314,11
4315,65
4316,95
4317,30
4318,0
4319,15
4320,11
4321,38
4322,25
4323,68
4324,39
4325,39
4326,41
4327,32
4328,2
4329,43
4330,7
4331,10
4332,6
4333,98
4334,27
4335,56
4336,27
4337,27
4338,24
4339,83
4340,96
4341,90
4342,40
4343,67
4344,73
4345,9
4346,12
4347,88
4348,45
4349,55
4350,48
4351,58
4352,5
4353,54
4354,21
4355,58
4356,60
4357,93
4358,49
4359,70
4360,47
4361,23
4362,37
4363,83
4364,20
4365,29
4366,86
4367,2
4368,65
4369,73
4370,70
4371,52
4372,44
4373,44
4374,88
4375,14
4376,35
4377,17
4378,21
4379,19
4380,43
4381,27
4382,94
4383,47
4384,20
4385,50
4386,29
4387,20
4388,39
4389,34
4390,21
4391,8
4392,12
4393,30
4394,43
4395,18
4396,12
4397,21
4398,28
4399,2
4400,51
4401,16
4402,85
4403,29
4404,92
4405,61
4406,53
4407,44
4408,63
4409,80
4410,94
4411,30
4412,90
4413,81
4414,80
4415,16
4416,29
4417,7
4418,40
4419,21
4420,32
4421,29
4422,68
4423,85
4424,95
4425,78
4426,93
4427,13
4428,8
4429,82
4430,95
4431,29
4432,86
4433,15
4434,65
4435,51
4436,10
4437,66
4438,45
4439,61
4440,39
4441,60
4442,71
4443,51
4444,44
4445,39
4446,0
4447,31
4448,1
4449,46
4450,3
4451,72
4452,49
4453,91
4454,83
4455,4
4456,79
4457,93
4458,49
4459,19
4460,42
4461,10
4462,98
4463,30
4464,93
4465,79
4466,37
4467,95
4468,18
4469,14
4470,34
4471,39
4472,18
4473,79
4474,2
4475,2
4476,13
4477,34
4478,20
4479,94
4480,38
4481,18
4482,53
4483,87
4484,14
4485,85
4486,65
4487,44
4488,12
4489,41
4490,79
4491,47
4492,47
4493,55
4494,21
4495,54
4496,0
4497,56
4498,29
4499,4
4500,7
4501,48
4502,47
4503,3
4504,55
4505,73
4506,47
4507,29
4508,88
4509,26
4510,10
4511,6
4512,27
4513,64
4514,94
4515,4
4516,54
4517,21
4518,44
4519,4
4520,9
4521,8
4522,90
4523,46
4524,28
4525,58
4526,14
4527,78
4528,65
4529,52
4530,49
4531,94
4532,15
4533,72
4534,43
4535,15
4536,8
4537,7
4538,44
4539,47
4540,80
4541,53
4542,65
4543,71
4544,29
4545,39
4546,38
4547,77
4548,13
4549,64
4550,84
4551,37
4552,20
4553,10
4554,70
4555,94
4556,94
4557,88
4558,3
4559,63
4560,2
4561,43
4562,14
4563,58
4564,86
4565,2
4566,25
4567,33
4568,55
4569,90
4570,60
4571,7
4572,40
4573,56
4574,37
4575,11
4576,7
4577,47
4578,98
4579,96
4580,21
4581,11
4582,16
4583,11
4584,89
4585,30
4586,85
4587,18
4588,10
4589,93
4590,80
4591,3
4592,5
4593,49
4594,12
4595,2
4596,90
4597,81
4598,46
4599,52
4600,15
4601,5
4602,81
4603,18
4604,44
4605,37
4606,76
4607,53
4608,94
4609,5
4610,77
4611,60
4612,26
4613,69
4614,85
4615,13
4616,89
4617,51
4618,24
4619,84
4620,42
4621,81
4622,54
4623,67
4624,78
4625,9
4626,79
4627,9
4628,39
4629,99
4630,21
4631,0
4632,65
4633,49
4634,64
4635,17
4636,25
4637,29
4638,61
4639,69
4640,74
4641,51
4642,5
4643,50
4644,45
4645,4
4646,77
4647,34
4648,9
4649,20
4650,99
4651,34
4652,1
4653,20
4654,68
4655,17
4656,94
4657,65
4658,63
4659,31
4660,30
4661,65
4662,17
4663,16
4664,44
4665,42
4666,92
4667,39
4668,21
4669,53
4670,52
4671,5
4672,94
4673,8
4674,68
4675,42
4676,77
4677,21
4678,18
4679,86
4680,30
4681,85
4682,12
4683,40
4684,35
4685,16
4686,23
4687,18
4688,14
4689,6
4690,37
4691,81
4692,19
4693,57
4694,32
4695,14
4696,49
4697,88
4698,12
4699,78
4700,94
4701,30
4702,94
4703,32
4704,0
4705,22
4706,1
4707,46
4708,12
4709,37
4710,31
4711,50
4712,1
4713,11
4714,14
4715,37
4716,44
4717,20
4718,51
4719,57
4720,20
4721,29
4722,34
4723,5
4724,46
4725,0
4726,87
4727,57
4728,14
4729,84
4730,49
4731,39
4732,86
4733,57
4734,36
4735,8
4736,78
4737,5
4738,82
4739,45
4740,66
4741,17
4742,97
4743,12
4744,83
4745,54
4746,14
4747,25
4748,36
4749,79
4750,13
4751,86
4752,36
4753,51
4754,25
4755,58
4756,41
4757,73
4758,24
4759,12
4760,9
4761,80
4762,54
4763,48
4764,26
4765,65
4766,3
4767,57
4768,9
4769,30
4770,5
4771,19
4772,45
4773,89
4774,51
4775,5
4776,32
4777,88
4778,85
4779,98
4780,20
4781,4
4782,78
4783,95
4784,10
4785,41
4786,94
4787,17
4788,8
4789,93
4790,77
4791,72
4792,59
4793,27
4794,7
4795,61
4796,17
4797,5
4798,97
4799,87
4800,18
4801,48
4802,19
4803,90
4804,21
4805,5
4806,94
4807,74
4808,61
4809,72
4810,40
4811,10
4812,31
4813,29
4814,49
4815,45
4816,23
4817,37
4818,57
4819,38
4820,96
4821,17
4822,18
4823,60
4824,65
4825,86
4826,72
4827,93
4828,67
4829,50
4830,2
4831,29
4832,10
4833,53
4834,22
4835,11
4836,10
4837,28
4838,60
4839,38
4840,14
4841,8
4842,8
4843,21
4844,44
4845,88
4846,46
4847,91
4848,41
4849,32
4850,4
4851,39
4852,93
4853,45
4854,55
4855,60
4856,85
4857,59
4858,55
4859,95
4860,67
4861,72
4862,48
4863,58
4864,40
4865,53
4866,66
4867,15
4868,0
4869,17
4870,69
4871,42
4872,89
4873,32
4874,48
4875,18
4876,54
4877,9
4878,54
4879,74
4880,60
4881,3
4882,6
4883,7
4884,40
4885,28
4886,98
4887,57
4888,1
4889,11
4890,17
4891,55
4892,30
4893,83
4894,25
4895,20
4896,33
4897,30
4898,40
4899,77
4900,4
4901,45
4902,87
4903,57
4904,85
4905,57
4906,87
4907,33
4908,71
4909,5
4910,70
4911,19
4912,8
4913,18
4914,57
4915,69
4916,10
4917,2
4918,58
4919,51
4920,21
4921,70
4922,88
4923,47
4924,26
4925,13
4926,77
4927,66
4928,85
4929,2
4930,29
4931,42
4932,40
4933,26
4934,47
4935,24
4936,73
4937,50
4938,41
4939,24
4940,43
4941,24
4942,58
4943,29
4944,33
4945,41
4946,73
4947,78
4948,9
4949,22
4950,41
4951,2
4952,65
4953,38
4954,4
4955,17
4956,0
4957,63
4958,13
4959,18
4960,51
4961,15
4962,5
4963,58
4964,92
4965,13
4966,17
4967,48
4968,93
4969,88
4970,21
4971,7
4972,7
4973,86
4974,14
4975,82
4976,38
4977,53
4978,4
4979,13
4980,71
4981,43
4982,40
4983,15
4984,40
4985,24
4986,81
4987,21
4988,87
4989,91
4990,46
4991,44
4992,11
4993,61
4994,51
4995,15
4996,19
4997,31
4998,91
4999,12
